-- Generation time: Tue, 11 Feb 2020 18:05:05 +0000
-- Host: mysql.hostinger.ro
-- DB name: u574849695_25


DROP TABLE IF EXISTS `communities`;
CREATE TABLE `communities` (
  `id` bigint(20) unsigned NOT NULL AUTO_INCREMENT,
  `name` varchar(150) COLLATE utf8_unicode_ci DEFAULT NULL,
  PRIMARY KEY (`id`),
  KEY `communities_name_idx` (`name`)
) ENGINE=InnoDB AUTO_INCREMENT=101 DEFAULT CHARSET=utf8 COLLATE=utf8_unicode_ci;

INSERT INTO `communities` VALUES ('26','accusantium'),
('42','adipisci'),
('70','aliquam'),
('92','aliquid'),
('95','animi'),
('1','architecto'),
('2','asperiores'),
('99','asperiores'),
('50','autem'),
('59','autem'),
('90','beatae'),
('97','beatae'),
('19','commodi'),
('82','consequatur'),
('10','corrupti'),
('58','corrupti'),
('9','culpa'),
('37','culpa'),
('32','cum'),
('86','cum'),
('18','distinctio'),
('76','dolore'),
('68','dolorem'),
('94','dolorem'),
('96','dolores'),
('43','doloribus'),
('78','ducimus'),
('51','eius'),
('22','eligendi'),
('44','eos'),
('93','eos'),
('100','eos'),
('24','et'),
('63','exercitationem'),
('75','expedita'),
('56','facere'),
('73','id'),
('4','in'),
('55','in'),
('66','in'),
('3','inventore'),
('29','iusto'),
('83','laborum'),
('16','magni'),
('31','magni'),
('60','magni'),
('49','modi'),
('35','molestiae'),
('64','molestias'),
('61','nam'),
('46','natus'),
('67','nihil'),
('98','nihil'),
('33','non'),
('52','non'),
('71','non'),
('80','odit'),
('5','possimus'),
('53','possimus'),
('81','quae'),
('74','quas'),
('36','quasi'),
('45','qui'),
('87','quia'),
('72','quidem'),
('79','quisquam'),
('11','quos'),
('91','quos'),
('47','ratione'),
('54','repellat'),
('25','repellendus'),
('28','reprehenderit'),
('21','rerum'),
('20','saepe'),
('40','saepe'),
('41','saepe'),
('12','sed'),
('17','sed'),
('14','sint'),
('65','sint'),
('8','sit'),
('39','sit'),
('62','sit'),
('13','soluta'),
('27','tempore'),
('15','temporibus'),
('88','tenetur'),
('48','ullam'),
('38','ut'),
('77','ut'),
('30','vel'),
('34','veritatis'),
('57','voluptas'),
('84','voluptas'),
('6','voluptate'),
('69','voluptate'),
('7','voluptatem'),
('23','voluptatem'),
('85','voluptatem'),
('89','voluptatem'); 


DROP TABLE IF EXISTS `friend_requests`;
CREATE TABLE `friend_requests` (
  `initiator_user_id` bigint(20) unsigned NOT NULL,
  `target_user_id` bigint(20) unsigned NOT NULL,
  `status` enum('requested','approved','unfriended','declined') COLLATE utf8_unicode_ci DEFAULT NULL,
  `requested_at` datetime DEFAULT current_timestamp(),
  `confirmed_at` datetime DEFAULT NULL,
  PRIMARY KEY (`initiator_user_id`,`target_user_id`),
  KEY `initiator_user_id` (`initiator_user_id`),
  KEY `target_user_id` (`target_user_id`),
  CONSTRAINT `friend_requests_ibfk_1` FOREIGN KEY (`initiator_user_id`) REFERENCES `users` (`id`),
  CONSTRAINT `friend_requests_ibfk_2` FOREIGN KEY (`target_user_id`) REFERENCES `users` (`id`)
) ENGINE=InnoDB DEFAULT CHARSET=utf8 COLLATE=utf8_unicode_ci;

INSERT INTO `friend_requests` VALUES ('1','1','requested','1991-07-26 00:00:58','1986-06-24 18:28:38'),
('2','2','requested','1992-02-26 14:32:02','1986-02-13 12:24:20'),
('3','3','requested','1972-12-11 05:27:47','2001-09-01 23:13:26'),
('4','4','requested','1996-02-28 05:11:23','1998-06-18 11:33:29'),
('5','5','requested','2011-12-14 22:44:01','1987-06-27 01:16:24'),
('6','6','requested','2000-03-18 08:37:15','2015-09-15 19:10:43'),
('7','7','requested','1988-12-13 15:41:17','1985-03-26 07:26:52'),
('8','8','requested','2004-08-26 07:11:53','1999-09-16 18:39:19'),
('9','9','requested','1990-10-31 23:05:53','1995-05-05 01:06:07'),
('10','10','requested','2003-05-01 20:20:11','1993-06-27 17:44:48'),
('11','11','requested','1980-09-17 22:38:10','2008-10-03 09:00:23'),
('12','12','requested','1995-11-07 17:51:40','1990-10-26 06:09:01'),
('13','13','requested','1988-10-27 22:55:11','1986-11-17 12:12:43'),
('14','14','requested','2015-02-13 19:33:26','2012-12-17 01:11:48'),
('15','15','requested','1971-04-18 12:59:53','2016-01-05 11:39:02'),
('16','16','requested','2001-01-14 00:11:40','2006-06-23 12:04:41'),
('17','17','requested','2004-05-11 06:30:49','2007-08-17 03:41:27'),
('18','18','requested','1970-07-11 09:53:08','1983-05-21 10:14:51'),
('19','19','requested','2000-09-06 12:21:34','2005-12-26 13:44:27'),
('20','20','requested','1984-11-04 20:02:33','2016-08-08 13:55:36'),
('21','21','requested','1972-04-15 02:47:25','1987-09-20 13:53:09'),
('22','22','requested','2012-10-15 21:32:34','2018-03-18 10:51:44'),
('23','23','requested','2001-01-21 07:06:00','1997-12-20 23:32:39'),
('24','24','requested','1972-03-20 08:34:55','1989-06-30 11:24:27'),
('25','25','requested','2014-03-21 04:11:14','1998-12-03 08:06:57'),
('26','26','approved','2001-03-06 04:42:13','1974-10-26 10:37:58'),
('27','27','approved','1992-12-10 22:06:29','1992-07-08 01:58:15'),
('28','28','approved','1987-12-28 21:22:45','2006-08-15 16:13:56'),
('29','29','approved','2015-11-13 08:06:58','1977-02-26 01:22:57'),
('30','30','approved','1996-01-03 09:22:42','1981-07-02 19:53:36'),
('31','31','approved','2009-05-27 10:00:13','1990-02-05 02:17:57'),
('32','32','approved','2002-07-15 06:17:52','1994-09-29 12:44:51'),
('33','33','approved','1981-09-19 12:52:57','2008-11-30 21:30:30'),
('34','34','approved','1999-04-02 09:30:07','2007-08-13 22:52:15'),
('35','35','approved','1983-10-02 13:38:40','2010-12-06 01:33:22'),
('36','36','approved','2018-01-08 19:07:41','2016-03-18 13:53:32'),
('37','37','approved','2016-06-19 00:18:52','2015-03-22 11:50:27'),
('38','38','approved','2011-08-06 13:43:04','2013-02-21 03:53:15'),
('39','39','approved','1973-04-17 11:48:41','1991-06-12 13:12:36'),
('40','40','approved','1994-05-18 04:23:46','2002-11-03 12:40:28'),
('41','41','approved','1986-02-24 22:17:11','2003-10-24 03:37:01'),
('42','42','approved','1999-07-20 18:00:06','1979-08-25 18:02:07'),
('43','43','approved','1982-01-10 13:19:46','1984-01-05 04:59:30'),
('44','44','approved','2017-02-11 19:25:06','2014-07-21 04:07:16'),
('45','45','approved','2012-05-28 07:04:16','2001-10-05 17:32:29'),
('46','46','approved','2017-10-17 12:17:31','1988-04-06 14:50:01'),
('47','47','approved','2006-10-08 14:29:41','1998-10-14 08:11:34'),
('48','48','approved','2011-07-26 19:54:11','1984-08-06 00:52:55'),
('49','49','approved','2014-12-31 11:18:02','2017-08-14 10:40:31'),
('50','50','approved','1994-11-20 00:50:43','1974-01-07 15:13:38'),
('51','51','declined','2004-01-02 05:56:38','1979-04-29 06:58:47'),
('52','52','declined','1975-01-16 12:24:20','2004-06-22 15:20:50'),
('53','53','declined','2015-09-30 20:28:51','2005-01-30 18:03:47'),
('54','54','declined','1973-08-01 14:08:54','1979-02-21 14:17:15'),
('55','55','declined','1991-03-22 00:13:52','1987-10-01 22:15:35'),
('56','56','declined','1985-08-20 20:18:03','2005-12-17 08:58:04'),
('57','57','declined','1980-01-27 18:19:12','1970-09-03 15:22:32'),
('58','58','declined','1987-05-27 07:02:09','2008-01-21 13:30:12'),
('59','59','declined','1984-08-21 20:37:33','1971-08-13 07:57:41'),
('60','60','declined','2002-01-20 07:52:15','1999-01-14 06:34:28'),
('61','61','declined','1982-04-01 06:55:10','2014-12-13 04:17:46'),
('62','62','declined','1997-06-10 18:21:10','1989-01-04 17:43:37'),
('63','63','declined','1973-02-12 16:59:01','1987-12-23 10:39:10'),
('64','64','declined','1971-10-05 03:07:24','1986-06-03 19:42:53'),
('65','65','declined','2006-09-19 12:00:26','1973-03-29 22:26:03'),
('66','66','declined','2018-07-04 00:08:04','1979-12-25 21:23:07'),
('67','67','declined','1972-02-07 15:24:59','1998-02-26 08:12:48'),
('68','68','declined','1993-07-08 06:22:01','2005-06-17 05:04:03'),
('69','69','declined','1987-07-12 04:13:14','2018-05-03 05:07:37'),
('70','70','declined','1984-04-22 22:32:33','1986-03-08 18:21:42'),
('71','71','declined','1980-05-09 21:30:46','1987-02-27 13:56:44'),
('72','72','declined','1983-01-02 06:34:09','2004-01-02 02:01:45'),
('73','73','declined','2019-12-29 10:01:01','2002-12-17 10:21:55'),
('74','74','declined','1973-02-26 03:35:18','1972-08-18 12:39:53'),
('75','75','declined','2011-03-25 00:33:36','2015-09-27 23:06:28'),
('76','76','unfriended','2000-11-20 04:39:37','1970-01-28 11:38:50'),
('77','77','unfriended','1992-10-01 00:48:45','2019-05-12 00:32:42'),
('78','78','unfriended','2001-02-24 17:54:11','1973-07-06 14:15:06'),
('79','79','unfriended','1972-05-09 02:55:38','2007-01-14 06:06:38'),
('80','80','unfriended','1992-07-01 21:53:11','1993-06-02 21:38:20'),
('81','81','unfriended','1992-03-04 11:12:28','2005-02-16 19:51:25'),
('82','82','unfriended','2014-02-08 05:49:00','1988-09-18 10:06:03'),
('83','83','unfriended','1973-06-14 03:44:24','1971-03-14 09:39:17'),
('84','84','unfriended','2000-02-06 21:09:33','1979-04-18 05:08:49'),
('85','85','unfriended','1993-04-25 15:06:16','1972-06-15 12:30:20'),
('86','86','unfriended','1975-02-28 03:14:54','2011-05-25 08:58:00'),
('87','87','unfriended','1997-12-29 20:51:22','2018-10-11 07:37:14'),
('88','88','unfriended','2018-12-23 07:20:38','1971-03-01 09:17:27'),
('89','89','unfriended','1971-07-11 18:57:59','2005-12-26 16:27:28'),
('90','90','unfriended','2019-07-30 16:20:54','1978-12-30 01:24:00'),
('91','91','unfriended','2016-04-03 02:44:51','1993-05-16 19:17:54'),
('92','92','unfriended','1987-07-01 11:27:58','1995-04-10 04:24:29'),
('93','93','unfriended','2014-07-28 12:16:43','2003-05-12 10:30:39'),
('94','94','unfriended','1997-08-10 16:33:59','2007-03-09 02:55:17'),
('95','95','unfriended','1986-07-28 11:47:40','1977-12-28 00:01:49'),
('96','96','unfriended','1970-08-04 16:03:01','2002-01-28 09:05:38'),
('97','97','unfriended','2017-01-11 01:37:35','2002-09-23 23:37:15'),
('98','98','unfriended','2005-06-14 04:42:34','2004-06-23 16:22:21'),
('99','99','unfriended','2000-08-31 04:41:58','2003-12-23 19:17:47'),
('100','100','unfriended','2015-06-19 21:22:38','2005-10-01 12:01:36'); 


DROP TABLE IF EXISTS `likes`;
CREATE TABLE `likes` (
  `id` bigint(20) unsigned NOT NULL AUTO_INCREMENT,
  `user_id` bigint(20) unsigned NOT NULL,
  `media_id` bigint(20) unsigned NOT NULL,
  `created_at` datetime DEFAULT current_timestamp(),
  PRIMARY KEY (`id`),
  KEY `user_id` (`user_id`),
  KEY `media_id` (`media_id`),
  CONSTRAINT `likes_ibfk_1` FOREIGN KEY (`user_id`) REFERENCES `users` (`id`),
  CONSTRAINT `likes_ibfk_2` FOREIGN KEY (`media_id`) REFERENCES `media` (`id`)
) ENGINE=InnoDB AUTO_INCREMENT=101 DEFAULT CHARSET=utf8 COLLATE=utf8_unicode_ci;

INSERT INTO `likes` VALUES ('1','1','1','1976-11-03 04:42:37'),
('2','2','2','1988-03-26 12:57:25'),
('3','3','3','1979-04-16 20:12:43'),
('4','4','4','1997-02-16 02:25:22'),
('5','5','5','1970-01-21 19:18:33'),
('6','6','6','2008-11-12 13:17:28'),
('7','7','7','1983-09-22 11:32:32'),
('8','8','8','2014-05-10 09:53:35'),
('9','9','9','2017-08-29 21:23:41'),
('10','10','10','2012-08-17 04:48:39'),
('11','11','11','2019-03-28 14:29:06'),
('12','12','12','1989-06-30 22:52:37'),
('13','13','13','1971-07-31 02:48:19'),
('14','14','14','1975-09-28 18:54:41'),
('15','15','15','1984-11-09 17:44:21'),
('16','16','16','1981-09-10 03:49:04'),
('17','17','17','2005-09-05 08:52:11'),
('18','18','18','2011-01-18 02:17:44'),
('19','19','19','2018-10-23 07:51:08'),
('20','20','20','2011-09-11 02:43:02'),
('21','21','1','1975-12-16 19:01:13'),
('22','22','2','1984-05-21 03:16:17'),
('23','23','3','2017-03-22 09:00:24'),
('24','24','4','1978-02-14 06:32:19'),
('25','25','5','1989-04-21 19:49:34'),
('26','26','6','1994-11-07 23:44:58'),
('27','27','7','1982-05-16 02:21:32'),
('28','28','8','1974-06-16 05:14:06'),
('29','29','9','1987-09-20 15:16:59'),
('30','30','10','1996-12-22 07:36:19'),
('31','31','11','2007-07-07 02:46:25'),
('32','32','12','1974-07-16 02:57:38'),
('33','33','13','1979-02-18 11:33:27'),
('34','34','14','2016-06-22 21:59:29'),
('35','35','15','2004-07-10 18:39:42'),
('36','36','16','2010-04-01 05:36:45'),
('37','37','17','1989-09-10 14:46:14'),
('38','38','18','2009-04-01 13:29:34'),
('39','39','19','2019-02-11 15:58:17'),
('40','40','20','1982-06-27 04:35:20'),
('41','41','1','2007-07-21 11:10:26'),
('42','42','2','1993-09-13 18:09:10'),
('43','43','3','1989-12-03 09:19:00'),
('44','44','4','1992-09-28 08:39:05'),
('45','45','5','1980-11-23 04:32:19'),
('46','46','6','2020-02-10 19:33:40'),
('47','47','7','1979-07-05 03:13:01'),
('48','48','8','1983-10-19 00:16:10'),
('49','49','9','1976-07-23 18:37:37'),
('50','50','10','1979-06-08 13:51:40'),
('51','51','11','2015-05-19 18:45:54'),
('52','52','12','2013-12-03 14:26:17'),
('53','53','13','1996-08-24 10:52:31'),
('54','54','14','2007-04-18 22:14:17'),
('55','55','15','2000-09-02 23:03:24'),
('57','57','17','1991-04-28 21:33:29'),
('58','58','18','2006-09-12 13:42:08'),
('59','59','19','2019-04-01 04:27:54'),
('60','60','20','1979-03-19 15:35:30'),
('61','61','1','1974-02-13 02:55:47'),
('62','62','2','1972-03-05 22:03:53'),
('63','63','3','2010-04-16 00:15:39'),
('64','64','4','2008-11-09 14:03:22'),
('65','65','5','2013-08-14 13:17:01'),
('66','66','6','1977-08-12 11:50:36'),
('67','67','7','2012-03-11 01:02:32'),
('68','68','8','2001-04-17 09:56:35'),
('69','69','9','1987-12-27 22:06:06'),
('70','70','11','2010-08-15 06:28:25'),
('72','72','12','2014-03-27 17:37:52'),
('73','73','13','1985-11-23 06:53:37'),
('74','74','14','1987-11-22 00:18:00'),
('75','75','15','1983-02-17 20:37:03'),
('76','76','16','2008-10-23 00:35:22'),
('77','77','17','1998-07-30 21:46:13'),
('78','78','18','2014-11-14 22:43:58'),
('79','79','19','1976-12-16 13:22:51'),
('80','80','20','2010-07-22 03:04:41'),
('81','81','1','1985-01-22 10:41:45'),
('82','82','2','1979-12-30 07:55:02'),
('83','83','3','2009-03-08 11:16:22'),
('84','84','4','1998-01-09 11:30:29'),
('85','85','5','1992-01-08 15:17:20'),
('86','86','6','2017-02-07 14:01:57'),
('87','87','7','1982-10-16 00:10:40'),
('88','88','8','2014-04-03 12:27:41'),
('89','89','9','2001-10-22 18:27:26'),
('90','90','10','1981-12-02 12:57:59'),
('91','91','11','1994-01-02 00:47:52'),
('92','92','12','1984-02-15 17:32:39'),
('93','93','13','1974-04-01 03:11:37'),
('94','94','14','1992-02-28 02:19:13'),
('95','95','15','1988-10-21 11:32:41'),
('96','96','16','1987-04-06 19:10:23'),
('97','97','17','1976-01-04 16:48:34'),
('98','98','18','2005-10-26 15:51:34'),
('99','99','19','1975-12-07 23:38:34'),
('100','100','20','1985-01-24 18:14:04'); 


DROP TABLE IF EXISTS `media`;
CREATE TABLE `media` (
  `id` bigint(20) unsigned NOT NULL AUTO_INCREMENT,
  `media_type_id` bigint(20) unsigned NOT NULL,
  `user_id` bigint(20) unsigned NOT NULL,
  `body` text COLLATE utf8_unicode_ci DEFAULT NULL,
  `filename` varchar(255) COLLATE utf8_unicode_ci DEFAULT NULL,
  `size` int(11) DEFAULT NULL,
  `metadata` longtext CHARACTER SET utf8mb4 COLLATE utf8mb4_bin DEFAULT NULL,
  `created_at` datetime DEFAULT current_timestamp(),
  `updated_at` datetime DEFAULT current_timestamp() ON UPDATE current_timestamp(),
  PRIMARY KEY (`id`),
  KEY `user_id` (`user_id`),
  KEY `media_type_id` (`media_type_id`),
  CONSTRAINT `media_ibfk_1` FOREIGN KEY (`user_id`) REFERENCES `users` (`id`),
  CONSTRAINT `media_ibfk_2` FOREIGN KEY (`media_type_id`) REFERENCES `media_types` (`id`)
) ENGINE=InnoDB AUTO_INCREMENT=101 DEFAULT CHARSET=utf8 COLLATE=utf8_unicode_ci;

INSERT INTO `media` VALUES ('1','1','1','Et voluptatem vero provident laboriosam ut maxime. Sit non suscipit atque qui molestias nam non. Officia sed earum est sit et et. Est neque error quae sit in maxime. Ipsa eum fugit reiciendis optio.','possimus','3833765',NULL,'1995-01-06 18:52:37','2018-02-27 19:36:07'),
('2','2','2','Excepturi repudiandae aut facere eos deserunt corrupti et alias. Occaecati ut ut rem voluptatem.','ipsa','7',NULL,'2001-02-06 04:02:16','2000-08-02 20:51:23'),
('3','3','3','Qui ut in facere assumenda repellat expedita non. Voluptatem iste culpa dolorem magnam expedita nostrum. Neque saepe ipsa non rerum animi placeat.','aut','7389',NULL,'1990-02-15 06:37:52','1977-02-01 13:32:08'),
('4','4','4','Quia dolores sint omnis sunt molestiae illo exercitationem nostrum. Laboriosam ducimus consequatur omnis illo aliquam porro. Dolorem cum sequi pariatur corrupti aut error accusamus.','ducimus','90372',NULL,'2013-12-01 10:00:41','1987-06-21 00:01:13'),
('5','5','5','Aliquid et voluptatem pariatur quaerat eos et sit. Eveniet tempora et voluptatibus deleniti quos voluptatem. Qui ut impedit dignissimos explicabo accusamus quis sed nostrum. Et sunt repellat numquam repellat.','et','73735511',NULL,'1980-02-16 20:48:18','1990-06-19 01:10:11'),
('6','6','6','Quos placeat in magni quia. Ex explicabo facilis animi et nesciunt et.','et','29',NULL,'1986-10-21 12:54:40','1991-08-12 01:03:23'),
('7','7','7','Veritatis nostrum et rem quaerat. Nemo velit sint ut praesentium odio nostrum expedita. Omnis ipsum sit assumenda quisquam esse tenetur.','molestiae','8',NULL,'2017-01-10 03:38:10','2000-05-24 13:02:14'),
('8','8','8','Nihil consequatur rerum voluptatem minima qui iusto. Enim et molestias quasi explicabo. Ut quisquam quisquam consequatur officiis.','dicta','512401129',NULL,'1992-08-31 06:03:16','2001-08-13 01:42:50'),
('9','9','9','Voluptatem iste illum et provident minus. Deleniti eligendi est quia iusto ratione. Eum molestiae voluptas atque accusantium natus.','molestias','8927134',NULL,'1990-08-06 11:17:41','1984-10-04 19:12:46'),
('10','10','10','Dolores quis sunt sed cupiditate alias perferendis sequi. Id eos voluptates sit voluptatem et. Vitae et ut voluptatem delectus doloribus dolor.','quisquam','539102',NULL,'1988-01-16 15:03:24','1978-08-29 01:09:10'),
('11','11','11','Qui hic eveniet ab occaecati beatae. Rerum voluptate autem aliquid. Voluptatem perferendis voluptatem et illo aperiam molestiae. Velit aperiam quis quae nulla eos repellat error quia.','ut','46363419',NULL,'1981-01-30 14:37:23','2010-09-24 13:27:05'),
('12','12','12','Non quisquam iste et. Eum voluptates voluptatum libero accusamus aut nemo corrupti.','est','0',NULL,'2011-03-22 11:27:36','1985-07-22 12:02:29'),
('13','13','13','Necessitatibus vero inventore ut dolorum nihil praesentium iure. Et libero nostrum voluptatem a laborum molestias. Ut eum cum quia et aliquid. Aut quo earum magni quia.','perferendis','643780627',NULL,'1979-01-26 01:24:09','2008-11-20 20:35:24'),
('14','14','14','Cumque odio ut suscipit consequuntur maiores dolore odit. Consectetur blanditiis deleniti animi adipisci occaecati voluptatem. Natus cum et quae maiores doloribus repellendus ex non.','voluptas','26861975',NULL,'1977-09-02 01:23:59','1993-06-25 16:36:22'),
('15','15','15','Neque adipisci rerum debitis quos. A suscipit ipsa nihil porro. Iste aliquam quas officia aliquid esse ut molestiae laboriosam.','dolorum','8',NULL,'2016-04-12 00:33:46','2000-08-08 23:18:54'),
('16','16','16','Vel omnis rem expedita cum optio. Sed rerum nisi sed aspernatur. Enim et ad adipisci rerum voluptas.','sed','2869',NULL,'2010-12-02 16:25:04','1978-09-25 07:04:36'),
('17','17','17','Odio assumenda exercitationem odit quidem recusandae sit. Ad illo eaque maxime error. Dolorem dolor et harum occaecati dolores aliquam. Distinctio nihil voluptas natus voluptas sint deserunt et.','quibusdam','0',NULL,'1996-06-22 08:49:12','1974-07-17 09:00:25'),
('18','18','18','Aut dolorem qui debitis nostrum vel reprehenderit nesciunt quae. Modi facilis perspiciatis quo. Impedit aut expedita est qui reiciendis dolorum cumque.','labore','47523698',NULL,'2015-06-10 19:47:42','1999-08-27 05:29:32'),
('19','19','19','Repudiandae doloremque repudiandae aut ut et. Nulla vel itaque deserunt eligendi est.','architecto','78829',NULL,'1988-09-20 11:23:02','2008-10-10 08:55:03'),
('20','20','20','Autem repellendus recusandae ad reprehenderit esse ea. Eaque molestiae minima necessitatibus voluptatum dolorem.','magnam','15',NULL,'1973-12-22 21:09:59','2001-07-14 03:06:35'),
('21','1','21','Vero possimus laboriosam est accusamus. Saepe ut ipsam aut veniam.','aliquid','3754554',NULL,'1984-07-07 13:21:33','2002-05-25 01:36:40'),
('22','2','22','Adipisci inventore aut molestias qui dolores officiis accusamus. Incidunt culpa ipsam natus iusto enim dolores non itaque. Harum corrupti ut quo facere.','provident','244258',NULL,'1993-10-15 21:37:40','2015-05-21 12:55:06'),
('23','3','23','Laborum omnis nemo ut beatae et iusto magnam. Assumenda ea aut voluptas non dolores ea. Aliquid facere dolores et vel. Explicabo beatae rerum voluptates. Eos vel voluptatem nostrum molestiae reprehenderit nulla ipsam.','illo','598174483',NULL,'1993-10-04 06:35:09','2012-10-09 14:49:06'),
('24','4','24','Natus omnis quod omnis esse amet. Tempore quae nisi explicabo fuga. Voluptatem perspiciatis neque error et.','impedit','28',NULL,'2015-12-15 16:21:21','1971-04-10 14:02:42'),
('25','5','25','Quod et qui ea vel sint. Est aut quia iste est quia aut. Earum aut minus omnis molestiae accusamus.','ducimus','0',NULL,'2008-08-18 17:26:18','1981-10-19 01:53:01'),
('26','6','26','Aut et voluptates quia qui recusandae suscipit. Laborum occaecati voluptatem amet error. Sint dolorum dignissimos odio pariatur nam quasi. Sit magni consequatur autem cum quia.','qui','695',NULL,'2019-03-24 11:07:36','1978-01-24 15:40:30'),
('27','7','27','At dolorem accusantium laboriosam error. Est dolores vel at. Sint sequi adipisci sequi vel voluptatem natus commodi dolorum. Ipsa quos numquam optio accusamus perspiciatis beatae aspernatur tempore. Tempora est repellendus quae ab aut at tenetur enim.','ad','9',NULL,'1971-02-20 04:22:49','1989-07-24 14:33:44'),
('28','8','28','Accusamus non quaerat dolorem nam. Modi deleniti praesentium dolor dolorem. Alias soluta molestiae beatae quo labore doloribus dolorum architecto.','quaerat','187142156',NULL,'1997-05-29 10:33:12','2003-08-01 22:33:37'),
('29','9','29','Nemo quisquam odit fuga. Et expedita ab totam esse aliquam illum. Aut ipsam sed veritatis ut culpa et. Quia magni fugit pariatur iste eligendi magni explicabo.','modi','2',NULL,'1973-12-28 16:19:08','2001-03-11 04:26:35'),
('30','10','30','Esse optio est ducimus qui et. Placeat officia voluptatem reiciendis. Distinctio consectetur qui sint aut. Voluptatem debitis animi dicta ipsum suscipit ducimus.','numquam','4003',NULL,'1998-12-14 02:21:41','2018-11-17 21:05:38'),
('31','11','31','Corrupti et ducimus error consequatur sed. Natus aliquam vitae error dolorum est. Magnam qui officia quidem est.','corrupti','0',NULL,'2019-07-15 15:03:35','2009-05-12 23:37:17'),
('32','12','32','Voluptates eum non molestiae tempora. Consectetur quia quas doloremque et aspernatur magni dicta nulla. Neque ut ipsa quam hic modi quis accusantium.','qui','0',NULL,'2006-06-27 00:58:48','1982-10-21 13:11:34'),
('33','13','33','Quia qui qui est maiores optio quia. Tenetur quos voluptatem excepturi deserunt. Minima corporis et reiciendis et corporis omnis earum. Quia consequatur temporibus molestiae recusandae voluptates perferendis commodi.','eaque','14709694',NULL,'1984-01-22 20:04:00','2005-03-23 22:42:05'),
('34','14','34','Inventore rerum ratione est natus vitae et numquam. Et impedit ut nemo et eaque beatae. Nihil corporis maiores eum minima minima enim. Enim beatae molestias est mollitia cumque sint.','nemo','29918',NULL,'1976-08-04 08:57:26','1980-07-03 03:34:41'),
('35','15','35','Quibusdam omnis explicabo vel et. Ab voluptatem quam et aspernatur culpa nostrum blanditiis. Quisquam enim consequuntur velit nihil sapiente. Aut id alias aut voluptatem sed qui.','corrupti','4516',NULL,'1999-08-28 09:07:23','2015-06-22 12:00:57'),
('36','16','36','Quasi sunt a explicabo quia molestiae. Repudiandae optio occaecati recusandae quis. Delectus aut quod deleniti et veritatis eaque dignissimos. Voluptatem debitis dolores odit nihil doloremque nemo.','non','907423',NULL,'1999-03-27 13:39:05','2004-07-14 16:05:59'),
('37','17','37','Dolor quia voluptates a et. Odio cupiditate in error enim aspernatur. Nostrum sed ducimus eveniet eveniet est iure distinctio necessitatibus. Itaque ea est non consectetur officiis.','omnis','147969',NULL,'2005-10-26 08:50:26','2008-07-03 09:55:31'),
('38','18','38','Sunt ullam eius quos quam. Enim non saepe necessitatibus recusandae quos fugit est incidunt. Vitae autem enim ullam deserunt nihil. Velit laboriosam eum delectus perferendis. Minima ex quo esse culpa sequi reiciendis quibusdam neque.','qui','77394247',NULL,'1981-07-24 18:19:11','2010-08-26 22:22:45'),
('39','19','39','Doloribus hic molestias deserunt molestias dolorem eum. Dolores voluptate quas nesciunt quia ut quam iusto ut. Ut ut ullam porro deleniti. Qui consequuntur officiis iste.','aut','547',NULL,'2016-03-06 18:49:05','1993-08-15 19:26:00'),
('40','20','40','Sunt qui sequi magni laborum. Sint molestiae hic optio accusantium voluptatibus et sint. Sunt tempore voluptatem quia animi velit enim non qui. Maiores ea id fuga corrupti et sint.','possimus','67330340',NULL,'1991-04-25 08:38:39','1996-10-08 15:22:08'),
('41','1','41','Porro sed sit modi eum. Praesentium quidem rem quasi sit laudantium. Mollitia aut quisquam nesciunt in.','placeat','69527',NULL,'2005-07-08 21:19:52','2004-05-11 06:55:43'),
('42','2','42','Est deleniti et qui maiores. Blanditiis dignissimos velit omnis aut tempora. Vel saepe ad ratione autem.','ut','355',NULL,'1992-10-23 23:36:41','1999-08-15 06:19:45'),
('43','3','43','Iure est praesentium exercitationem vitae occaecati doloribus eveniet ullam. Dolorem sint ut sapiente cupiditate exercitationem autem est quidem. Autem numquam corporis accusamus qui inventore.','laborum','69',NULL,'1987-08-30 06:42:11','2008-09-25 19:20:27'),
('44','4','44','Qui laborum voluptatem rerum. Reiciendis quas iste non enim optio autem. Rerum facilis aliquid blanditiis assumenda placeat.','minus','205934',NULL,'2013-12-27 01:41:07','1997-08-01 14:13:05'),
('45','5','45','Consequuntur dignissimos sit quis earum accusantium. Repudiandae rerum consectetur ut. Voluptates numquam saepe magnam sed voluptas.','tempora','823882933',NULL,'2007-05-16 17:55:04','1977-09-10 22:24:37'),
('46','6','46','Cupiditate non delectus laudantium expedita exercitationem ea. Ut ut non nisi. Alias nobis veritatis nihil magni doloribus possimus est.','et','0',NULL,'2017-01-07 10:18:51','1988-03-21 07:38:37'),
('47','7','47','Qui eveniet suscipit eveniet quo consequatur est mollitia. Numquam aut reprehenderit corporis commodi. Dolor impedit tempore doloribus adipisci et at nihil repellat.','ea','0',NULL,'1978-01-21 12:28:00','1997-05-03 00:30:23'),
('48','8','48','Esse veniam alias sint enim enim autem. Aperiam rerum voluptatem unde velit ipsam rerum et quaerat. Enim sequi rem sequi accusamus earum accusamus.','quo','14328',NULL,'2002-07-04 05:03:39','1988-06-28 20:18:47'),
('49','9','49','Et magni quae officia alias. Voluptas repellat saepe a et aperiam suscipit consequatur. Placeat expedita rerum sint blanditiis eos impedit.','similique','8',NULL,'1995-07-15 11:47:06','1978-04-23 19:42:54'),
('50','10','50','Molestiae voluptatem laboriosam id aliquid qui. Odit autem illum ab hic dolorum. Ea debitis quo ut ea ducimus.','sequi','43744512',NULL,'2016-03-22 02:15:17','1986-11-20 03:31:41'),
('51','11','51','Tenetur facilis magni et animi aliquid quidem beatae. Ut ipsum aliquid saepe officia autem dolore praesentium. Rem fugiat et cupiditate unde. Iusto earum eligendi fugiat eum provident harum in explicabo.','earum','81068',NULL,'1984-06-09 21:34:52','2010-11-28 14:22:56'),
('52','12','52','Voluptatem fugit dolorem consequatur. Qui aspernatur illum exercitationem ut fugit commodi. Ab id aut unde omnis. Et quibusdam expedita cupiditate repellat inventore nihil nisi. Vitae sunt doloribus cupiditate molestiae voluptatibus enim.','alias','894274',NULL,'1980-08-27 05:18:06','2011-12-10 09:07:24'),
('53','13','53','Rerum autem architecto voluptatem adipisci modi. Tempora qui quo id illum accusantium quis voluptas officia. Qui aut rerum quia voluptates accusamus sunt. Iure rem aspernatur ea ut et. Nemo velit nulla rerum et corporis accusamus.','consequuntur','666393',NULL,'2015-04-25 17:38:04','2004-05-31 16:43:31'),
('54','14','54','Reiciendis adipisci adipisci aut at autem. Id perspiciatis optio ipsam corrupti doloremque ut ea. Consequatur illum officia deleniti voluptatem.','dolorum','8505693',NULL,'1976-02-21 10:48:16','2004-08-16 09:18:14'),
('55','15','55','Modi qui quia quod asperiores aut quia nihil. Iure culpa sed iure.','ut','0',NULL,'1986-12-24 19:20:54','1978-03-17 01:59:16'),
('56','16','56','At eligendi amet minima dolores numquam voluptatem dolorem culpa. Cum nihil fugit veritatis praesentium possimus quia. Nostrum distinctio non aut autem assumenda non dolor. Non tempora quia quia accusamus.','autem','311877',NULL,'1990-05-15 03:27:23','1993-06-01 17:56:55'),
('57','17','57','Molestiae quis et ipsum dolor et eum reiciendis non. Aut voluptatem sit sit et et et. Ut sit dolor voluptatem explicabo corporis aut et.','iure','57',NULL,'1972-05-06 20:40:22','2012-09-17 01:36:05'),
('58','18','58','Recusandae quaerat qui earum. A iure voluptate sequi non neque vero voluptas est. Culpa quo consequatur voluptates unde excepturi.','assumenda','561',NULL,'1997-10-23 14:04:16','2008-08-23 03:23:57'),
('59','19','59','Laudantium eum voluptatum adipisci similique. Doloribus tenetur nobis porro aut non sed possimus amet. Nobis sapiente repellat mollitia dolorem accusamus sint.','totam','436',NULL,'2000-02-10 17:18:46','1997-06-04 00:32:41'),
('60','20','60','Accusamus nesciunt officia error. Rem voluptatum autem non aut rerum quia officiis. Assumenda aliquid esse sunt dolore et non ut amet.','quis','160265735',NULL,'2004-04-19 09:57:22','2007-01-05 16:41:02'),
('61','1','61','Voluptatem voluptatem sequi animi sed pariatur aspernatur et voluptas. Laborum ex necessitatibus nihil fuga voluptas consequatur. Impedit accusantium rerum assumenda aut fugit. Deleniti ut doloribus quis quia sint est vero inventore.','et','0',NULL,'1997-05-04 18:39:07','2009-08-02 09:34:36'),
('62','2','62','Id id velit ea sed consequatur perspiciatis ut velit. Quod rem ab maxime rem similique consequatur voluptates. Sint eius odio doloribus praesentium molestiae. Magni id quis et sit sed.','explicabo','5',NULL,'1984-04-02 17:10:56','2014-07-19 14:06:54'),
('63','3','63','Corporis dolores corporis quisquam vel odit explicabo ad cupiditate. Asperiores nisi exercitationem odio odio. Est asperiores sit sed quasi corrupti. A sint repudiandae consectetur ipsa unde voluptates soluta.','omnis','50',NULL,'1998-05-15 13:56:32','2015-02-11 03:16:36'),
('64','4','64','Architecto itaque tenetur vel eos quos occaecati aperiam. Quae quia eos in.','qui','9892',NULL,'1986-06-08 10:25:20','1985-08-03 05:44:53'),
('65','5','65','At est repudiandae et qui suscipit. Ipsa tempore accusantium ea beatae. Repellendus dolor soluta delectus distinctio dolores sunt magnam. Esse est sed omnis hic.','nobis','30765',NULL,'2014-11-11 13:56:25','1976-01-22 01:14:29'),
('66','6','66','Quasi vero nihil omnis eum aut expedita nesciunt. Nostrum rerum ducimus laboriosam ab fuga similique consequuntur iste.','dolores','9',NULL,'2012-08-17 10:27:02','2009-11-27 03:00:22'),
('67','7','67','Architecto ut aut sed quae tempore est. Quia qui sint vero facilis vel. Sequi reprehenderit numquam quia quia iusto et repellat. Beatae optio dolor aliquam est eaque tempora earum.','fuga','9',NULL,'1986-10-10 21:47:23','1995-12-08 19:33:18'),
('68','8','68','Omnis praesentium culpa sunt error. Vitae maxime culpa ipsum unde voluptas id rerum sed. Voluptatem ut occaecati labore quos.','unde','7479',NULL,'2017-01-04 04:56:10','1981-10-28 03:15:29'),
('69','9','69','Cumque est placeat id eos ut. Ut qui veritatis voluptatem architecto ratione illum. Qui omnis aut distinctio praesentium quia nulla quod. Laborum quae et similique et. Eius harum accusantium ipsam natus id minima.','hic','250511371',NULL,'1993-03-11 14:57:34','1991-10-15 12:14:23'),
('70','10','70','Quae fugiat et et qui quis impedit aut. Est sint qui nesciunt.','aut','3',NULL,'1984-05-29 16:29:42','1989-04-15 04:07:35'),
('71','11','71','Sunt molestias consequatur quo dolorem qui ratione voluptatem. Asperiores dolor aut molestias. Voluptatem possimus similique quisquam eum modi aliquid. Explicabo ea in qui ea iusto pariatur.','iusto','6275478',NULL,'1999-03-09 09:55:31','1982-02-06 11:14:26'),
('72','12','72','Et quia vel mollitia sapiente. Doloremque nemo accusamus molestiae deserunt. Sequi deserunt omnis mollitia.','dolorum','799917738',NULL,'1979-12-03 18:02:39','1988-12-05 02:48:27'),
('73','13','73','Minima quis rerum enim rerum debitis et veniam reprehenderit. Sunt sequi quo excepturi ipsa sit veniam voluptatem. At excepturi magni possimus id. Totam tenetur totam non.','ut','470625',NULL,'1989-01-17 09:23:20','2015-04-15 00:04:54'),
('74','14','74','Aliquam sunt eos vitae repudiandae incidunt nihil tenetur ad. Pariatur laboriosam ullam voluptatem explicabo. Occaecati totam eum nemo accusamus atque dolorum.','consequuntur','749318',NULL,'2014-09-30 17:05:48','2012-05-25 04:47:55'),
('75','15','75','Dolores ratione natus ipsum modi dolorem. Vel esse culpa et quam cupiditate.','atque','481',NULL,'2009-08-23 01:39:48','1973-05-26 03:31:16'),
('76','16','76','Ratione quo earum illum assumenda unde quo. Laborum voluptatum nesciunt esse quidem saepe. Nesciunt numquam ad id facilis. Quia eveniet a libero quo et et aliquam enim.','voluptate','97',NULL,'2011-08-02 19:27:20','1996-09-13 09:59:01'),
('77','17','77','Quia facilis porro nisi voluptas. Et quia quia architecto illum. Nihil nostrum ut ut et natus quam. Consequatur cupiditate illum nulla mollitia voluptas quo sapiente.','eum','2714',NULL,'1979-09-06 17:30:02','1989-05-28 01:34:31'),
('78','18','78','Reprehenderit unde sit quas quibusdam sint sunt. Aspernatur aut repellat enim sunt ad perferendis in. Recusandae molestias voluptatem quo et illo facere molestiae.','vero','9',NULL,'2007-02-15 23:54:41','1979-08-20 11:37:08'),
('79','19','79','Et voluptas vitae quidem minima culpa qui. Incidunt impedit dolorem velit. Et quae aut sequi eum nesciunt saepe cum deserunt. Modi iste soluta ea eos.','cumque','73093286',NULL,'1973-05-09 11:30:56','2005-07-26 04:44:41'),
('80','20','80','Aut voluptas et autem ipsum tempora dolor. Voluptatem est vel enim dolores.','rerum','75428118',NULL,'1989-05-12 10:15:58','1993-09-06 05:34:04'),
('81','1','81','Asperiores praesentium voluptas ullam eaque vero. Quidem ea dignissimos quia corporis quis. Ut voluptas distinctio impedit doloremque assumenda magni ut veniam. Id et ut hic vero blanditiis quo labore.','facilis','219260',NULL,'1998-08-09 13:48:13','1996-02-18 23:47:40'),
('82','2','82','Voluptatem accusamus velit rerum accusamus. Tenetur modi non cumque necessitatibus qui quidem eveniet beatae. Odio reiciendis sint adipisci doloremque rerum dolores voluptatem.','omnis','84',NULL,'1970-05-01 10:11:16','1982-02-04 18:47:58'),
('83','3','83','Eligendi repudiandae blanditiis inventore ea aliquid impedit. Quia porro corporis explicabo. Doloremque beatae error quam maiores perspiciatis. Odit hic vel repellendus.','sint','749696748',NULL,'1981-06-18 08:03:51','2013-04-04 07:18:36'),
('84','4','84','Officia in aut est et odio. Quasi nostrum in cupiditate cum ut est atque.','et','0',NULL,'2019-05-29 04:33:27','1971-04-13 16:27:28'),
('85','5','85','Consequatur ut voluptas repellat provident. Suscipit alias distinctio eos adipisci et accusamus. Hic id sunt et ipsum.','labore','67194395',NULL,'1996-09-09 16:44:12','1975-10-10 00:21:54'),
('86','6','86','Eum officia maxime nam omnis quos similique. Autem animi animi laudantium voluptas eum id cumque. Possimus nemo tempora explicabo saepe. Enim quia ab possimus accusamus quia dolorem voluptates similique.','deleniti','159982',NULL,'1991-06-23 02:15:57','1984-07-19 00:19:56'),
('87','7','87','Qui voluptatem itaque quaerat iste est sed consequuntur. Sed voluptatem quidem ipsa sint laudantium eum.','quos','12966',NULL,'1987-08-05 09:23:42','1976-03-20 02:39:52'),
('88','8','88','Et et quo iusto ut ut. Officia et fugiat qui quia et eveniet ab. Mollitia impedit sed culpa tenetur asperiores qui qui. Optio sunt suscipit iusto dolorem quod.','expedita','304510',NULL,'1986-01-27 08:03:10','1981-02-09 16:29:42'),
('89','9','89','Aut voluptatum laboriosam enim aut eum. Voluptas non magnam corrupti doloribus enim voluptatem. Sunt dignissimos a temporibus. Esse dolor molestiae nesciunt veniam.','voluptatem','5505',NULL,'1979-07-06 04:15:15','1989-11-30 07:56:31'),
('90','10','90','Est delectus aliquam aut ut. Quos sit praesentium ut error cumque velit est beatae. Placeat similique repellendus eum mollitia in aut incidunt.','expedita','0',NULL,'1986-05-30 21:28:19','1971-03-17 23:32:58'),
('91','11','91','Quis fuga ipsa eligendi. Natus dolorum aut numquam ratione quod. Voluptate odio vel cum enim nihil quia voluptatem ut. Sapiente accusamus soluta non dolorum ducimus sint.','quasi','885351',NULL,'2002-05-30 00:54:45','1992-06-15 11:35:02'),
('92','12','92','Qui vitae sunt error sint perferendis praesentium dolor. Totam et aut repellat architecto et.','temporibus','9996',NULL,'2008-01-27 03:44:33','1973-04-16 10:55:01'),
('93','13','93','Est necessitatibus est ipsa distinctio. Cupiditate quod assumenda recusandae nam modi sapiente qui et. Eius neque voluptas rerum voluptate et magni mollitia. Omnis magnam nulla ad.','quo','861',NULL,'1976-08-05 00:22:13','2006-10-24 15:39:01'),
('94','14','94','Magnam hic consequatur soluta ex ipsam dolorem sint. Et sunt unde occaecati sunt et et. Quasi molestiae officia omnis error dicta perspiciatis. Fugiat deserunt incidunt aliquam sit atque sed.','temporibus','6421',NULL,'1980-01-22 20:53:33','1976-04-21 02:47:43'),
('95','15','95','In facere debitis debitis iste cupiditate est. Cumque qui dolor dolor beatae doloremque ut. Ut corrupti voluptatem iusto. Quisquam quasi dignissimos ullam exercitationem.','dolorem','60',NULL,'1985-01-15 12:34:08','2006-04-04 01:32:44'),
('96','16','96','Aut dolorum magnam maiores vel. Cum quam sunt ex in deleniti.','temporibus','420',NULL,'2001-10-17 21:46:05','1996-12-04 12:26:12'),
('97','17','97','Aliquid et sint consequatur commodi delectus quod harum. Reiciendis illo voluptatibus optio vel consequatur. Officiis eligendi ipsam officia fuga eum omnis quaerat. Tempore adipisci odit quo et non.','non','204062',NULL,'2007-07-27 17:55:38','1985-10-18 13:18:54'),
('98','18','98','Cumque et voluptatum rerum qui sint atque. Sint ex id sit molestiae fuga et voluptate quos. Eum impedit quam sed magni mollitia accusantium deleniti.','aut','54782458',NULL,'1997-08-31 13:03:21','2006-10-31 23:33:39'),
('99','19','99','Possimus eveniet numquam quis consequatur aut. Architecto quia deleniti ratione ut quisquam. Sint architecto quos optio harum. Maiores vel laborum dolores autem.','magni','3822',NULL,'1986-06-22 08:26:53','1991-01-07 06:56:01'),
('100','20','100','Nemo eveniet molestiae placeat et cum provident. Fuga qui accusantium neque quae et eos. Alias aliquid quae unde aut aut sint.','tempora','66712',NULL,'1977-07-23 23:26:57','2005-11-23 04:50:17'); 


DROP TABLE IF EXISTS `media_types`;
CREATE TABLE `media_types` (
  `id` bigint(20) unsigned NOT NULL AUTO_INCREMENT,
  `name` varchar(255) COLLATE utf8_unicode_ci DEFAULT NULL,
  `created_at` datetime DEFAULT current_timestamp(),
  `updated_at` datetime DEFAULT current_timestamp() ON UPDATE current_timestamp(),
  PRIMARY KEY (`id`)
) ENGINE=InnoDB AUTO_INCREMENT=21 DEFAULT CHARSET=utf8 COLLATE=utf8_unicode_ci;

INSERT INTO `media_types` VALUES ('1','photo','1978-08-12 10:33:51','2012-02-21 09:48:18'),
('2','music','2000-03-26 11:43:35','1978-11-14 00:10:01'),
('3','photo','1973-04-15 04:51:26','2015-01-02 15:28:22'),
('4','music','1980-12-30 06:06:11','2009-09-20 08:36:49'),
('5','photo','1999-09-14 05:46:20','1994-11-29 11:44:45'),
('6','music','1985-07-06 08:57:16','1970-08-17 09:32:46'),
('7','facilis','2017-05-01 16:11:13','1980-12-23 23:22:08'),
('8','facere','2006-02-25 09:01:30','2009-10-19 10:40:54'),
('9','est','1977-05-24 23:28:46','1983-05-31 00:50:54'),
('10','quam','1993-06-14 11:37:46','1990-07-04 10:48:25'),
('11','reprehenderit','2012-07-04 06:27:13','2000-05-29 11:58:43'),
('12','aut','2003-01-12 02:46:49','1971-05-19 10:50:33'),
('13','ratione','1987-01-13 14:40:19','1970-03-27 04:06:02'),
('14','asperiores','1986-04-04 09:53:06','1984-02-28 15:48:42'),
('15','magnam','1989-12-08 21:22:43','1984-04-25 19:03:26'),
('16','dolores','1972-11-22 16:17:31','2004-07-17 22:21:10'),
('17','assumenda','2004-12-17 04:53:59','1999-06-29 02:39:06'),
('18','nobis','1992-04-08 05:36:31','1992-05-18 06:31:00'),
('19','non','2011-06-18 09:47:34','2015-12-24 08:22:01'),
('20','libero','2017-12-28 13:36:50','1990-12-08 06:23:31'); 


DROP TABLE IF EXISTS `messages`;
CREATE TABLE `messages` (
  `id` bigint(20) unsigned NOT NULL AUTO_INCREMENT,
  `from_user_id` bigint(20) unsigned NOT NULL,
  `to_user_id` bigint(20) unsigned NOT NULL,
  `body` text COLLATE utf8_unicode_ci DEFAULT NULL,
  `created_at` datetime DEFAULT current_timestamp(),
  PRIMARY KEY (`id`),
  KEY `messages_from_user_id` (`from_user_id`),
  KEY `messages_to_user_id` (`to_user_id`),
  CONSTRAINT `messages_ibfk_1` FOREIGN KEY (`from_user_id`) REFERENCES `users` (`id`),
  CONSTRAINT `messages_ibfk_2` FOREIGN KEY (`to_user_id`) REFERENCES `users` (`id`)
) ENGINE=InnoDB AUTO_INCREMENT=101 DEFAULT CHARSET=utf8 COLLATE=utf8_unicode_ci;

INSERT INTO `messages` VALUES ('1','1','1','Sed quo doloribus omnis nihil. Quas recusandae ut tempore aut enim est.','1974-12-27 20:51:31'),
('2','2','2','Enim sequi cumque non quam repellat debitis repellat. Optio laboriosam quae tempora consectetur necessitatibus beatae. Provident quam sed aut ducimus suscipit ea est. Maxime maxime beatae id occaecati nemo.','2012-05-22 10:22:56'),
('3','3','3','Qui ut occaecati neque. Temporibus quo labore esse deleniti recusandae maiores. Repellat veniam perferendis excepturi est amet tempore est quis.','1996-01-01 05:40:12'),
('4','4','4','Sed libero aut occaecati voluptatum qui consequuntur culpa unde. Eaque vel accusamus voluptas tempore ipsum natus.','2007-01-03 08:52:43'),
('5','5','5','Rerum et dolorum voluptate voluptatem officia enim dolore. Eaque a sit aut possimus dolores. Et officia sint ut ipsam vel debitis recusandae. Dolore natus est minus modi.','1996-03-28 02:29:21'),
('6','6','6','Illo dolor labore et sed saepe. Maxime quis quia temporibus ipsa. Molestias enim repellendus a voluptas facilis molestias.','1981-11-30 14:11:42'),
('7','7','7','Eum quod repellendus cumque veniam neque amet nihil. Minima minus rerum est vel. Magni est sed id est suscipit laborum.','1991-11-30 14:29:24'),
('8','8','8','Accusantium maiores consequatur ut culpa quia. Tenetur doloremque eveniet sit numquam quia dolores animi. Qui ut aliquid sint est voluptatem.','1998-07-23 03:39:31'),
('9','9','9','Qui molestiae occaecati alias sapiente alias saepe voluptatibus voluptatem. Laboriosam consequatur dolor placeat aspernatur sunt quia. Consequatur et non delectus nesciunt in.','2006-11-26 01:17:13'),
('10','10','10','Aspernatur corporis tempore aut. Atque sequi officiis quas dolorem necessitatibus ut sapiente. Sit cupiditate qui at molestiae cum qui quo sunt. Earum libero et tempora pariatur non.','2009-12-07 09:45:58'),
('11','11','11','Veritatis et ipsam in modi id. Quisquam ut consectetur tenetur consequatur voluptas et. Doloribus voluptatibus atque consequuntur placeat.','2012-10-03 22:15:03'),
('12','12','12','Totam sed et ipsum. Velit nihil culpa velit cupiditate sunt. Porro deleniti molestiae accusantium minus in sunt numquam.','2012-05-21 08:19:36'),
('13','13','13','Fuga laboriosam amet dolor et eos delectus in cupiditate. Iure rem itaque tempora quo ducimus consequuntur voluptas quod. Laborum quasi sequi adipisci error. Cum quibusdam quae blanditiis commodi.','1981-05-22 04:57:18'),
('14','14','14','Accusamus aspernatur aliquam autem sed dolorem. Perspiciatis quia ullam et. Harum odio et reiciendis hic odio.','1990-09-21 20:06:42'),
('15','15','15','Iste consequatur quaerat molestiae sed et et voluptates sit. Esse rerum illo libero tenetur nobis sit itaque. Repudiandae unde accusamus fugit quia rem.','2000-05-04 10:39:31'),
('16','16','16','Nesciunt labore dolores sed pariatur qui. Ex repudiandae id repudiandae autem repellat. Consequuntur quisquam accusamus voluptas.','2006-03-02 17:23:47'),
('17','17','17','Dolor molestias quidem ut rem est ut sed. Eaque aspernatur ratione aut aut est et esse. Quas animi omnis sit. Consectetur id aut omnis numquam.','1998-03-11 01:57:03'),
('18','18','18','Voluptates iusto illum id. Quae eveniet in dolorum aliquid vel. Laudantium quia nemo earum aut officiis est.','1985-08-04 22:45:55'),
('19','19','19','Tenetur vero ipsam itaque non cumque atque ratione. Qui consequuntur et dolor non quidem voluptas. Possimus sit cupiditate deleniti iusto. Dolores odit nesciunt quibusdam magnam.','1989-03-11 20:37:46'),
('20','20','20','Libero cumque sunt ullam ea nulla debitis. Culpa odit facere voluptate atque eos saepe. Fugiat aliquam omnis quod excepturi provident beatae inventore minus.','1984-07-10 18:28:12'),
('21','21','21','Similique quo omnis exercitationem inventore ut. Pariatur ipsa aliquam architecto perferendis esse.','2004-06-23 09:13:14'),
('22','22','22','A aut id praesentium architecto aut modi est. Qui ut quis officiis ex et. Vel qui minus voluptatem sunt et deleniti quas.','1982-10-05 07:10:42'),
('23','23','23','Natus dolor quisquam nulla voluptate eos quibusdam veniam eius. Et velit qui at officia minus. Neque exercitationem sit aut magni tempora ullam aut.','1985-05-28 05:05:15'),
('24','24','24','Ea quasi qui aut voluptas. Quia aut porro ipsum officia. Inventore quisquam molestiae voluptate quis eum quia. Beatae id repudiandae quo fuga ipsa aspernatur.','2008-11-06 05:58:04'),
('25','25','25','Tempore perferendis quaerat enim ipsum sint et qui. Numquam sunt qui explicabo accusamus sapiente et. Velit molestiae eum excepturi iste.','2000-01-26 16:01:08'),
('26','26','26','Modi et voluptas ut est et. Itaque amet repudiandae officia eaque adipisci voluptatem. Dignissimos reprehenderit omnis iste expedita.','2020-02-06 10:09:29'),
('27','27','27','Accusantium ut officiis similique aut maiores illum qui ratione. Non ut qui omnis rerum quos odio consequuntur. Modi aut dolore consequatur tenetur eligendi amet dolorum.','1976-10-23 14:58:27'),
('28','28','28','Provident est est qui ea non consequatur ipsam. Sequi deserunt assumenda nostrum sit. Debitis aperiam maxime voluptas cupiditate.','2016-04-16 12:20:55'),
('29','29','29','Enim officiis qui officia autem dignissimos. Delectus architecto quia quae. Repudiandae quo nihil voluptas.','1998-02-23 21:38:52'),
('30','30','30','Dolores architecto ad soluta illum. Ex tenetur et cumque voluptas illum. Error qui cum repellat ipsa veritatis inventore. Aperiam quia id nihil officiis consequuntur et molestias fuga.','1991-02-16 02:08:54'),
('31','31','31','Molestias et consectetur amet dolorem sequi. Itaque aspernatur esse quam.','1970-05-29 02:03:01'),
('32','32','32','Earum nemo et consequuntur aut consequatur reiciendis dignissimos. Enim enim sed libero est impedit commodi sed. Nobis omnis architecto soluta neque in at saepe. Dolorum consectetur dolorum exercitationem ea sunt soluta.','1990-09-22 01:39:04'),
('33','33','33','Delectus qui cumque itaque qui autem eos. Repellendus saepe qui ab reprehenderit. Aliquid voluptas numquam voluptatibus nam officiis amet perspiciatis reiciendis.','2015-04-28 15:03:56'),
('34','34','34','Quo vel ipsum eveniet ut doloribus aut et molestias. Voluptas quia voluptas voluptatibus sit. Sed a dolores omnis odit aut voluptatem non. Quidem placeat non quo quae quod optio consequatur tempore.','1990-06-06 23:56:31'),
('35','35','35','Architecto nesciunt est vel fugit. Quis repellendus recusandae blanditiis earum tempore tempore quisquam. Perspiciatis voluptatibus cum qui at voluptatem aut. Et eius quod accusamus aspernatur impedit earum voluptatibus aut. Maiores veniam voluptatum consequatur tempora dolorem sunt nulla sit.','2002-02-26 15:13:00'),
('36','36','36','Harum excepturi debitis impedit quaerat. Et et rerum fuga sed libero praesentium amet.','1977-02-24 22:05:33'),
('37','37','37','Et modi id est perspiciatis quasi numquam maiores. Totam culpa officiis est asperiores natus modi. Unde minima accusamus numquam et sequi suscipit modi.','2006-03-13 03:53:39'),
('38','38','38','Ducimus eos nostrum autem in. Voluptates quas officia autem praesentium voluptas et nobis. Eveniet aut dolorem quibusdam iure aut. Repudiandae qui vero omnis iste ut excepturi.','1980-06-15 22:20:03'),
('39','39','39','Sit deleniti cupiditate laborum eligendi animi. Ut atque dolor consequatur quia soluta. Sapiente facilis minima sunt sed. Sit sunt consequatur perferendis nesciunt est.','2015-10-26 15:19:03'),
('40','40','40','Ratione ut voluptatem est praesentium aut nobis cumque. Laudantium eveniet reprehenderit nihil est. Voluptatem sunt officia qui quod.','1995-05-31 15:12:34'),
('41','41','41','Qui architecto quibusdam architecto quibusdam aut fuga. Nihil deserunt ab et. Aut ut alias expedita reprehenderit dolore. Dolores eaque ut aut molestias dolorum quia impedit dolorum.','2019-11-24 06:34:01'),
('42','42','42','Non aut ratione rerum aut exercitationem rem nam. Placeat error omnis ut quisquam sunt placeat. Voluptatem et culpa esse dolorem. Maxime eos est laboriosam modi consequatur sunt et mollitia. Sint minima repellat at quidem.','1978-11-23 00:41:43'),
('43','43','43','Ullam eos consequatur reprehenderit. Et consequatur aperiam ut nihil qui. Quaerat ad earum maiores molestiae repellendus ea. Non animi unde aut quo cumque autem dolor culpa. Magni fugit laborum sed cum.','2007-02-05 13:19:54'),
('44','44','44','Doloribus consequatur rerum dolorum expedita tempore quisquam. Nobis doloribus ipsam libero perspiciatis assumenda. Neque rem aut excepturi dolorem.','1997-01-26 17:05:44'),
('45','45','45','Perferendis quasi rerum veritatis consequatur necessitatibus. Et laborum in quia quae. Ut quis consectetur incidunt qui commodi commodi ut. Qui natus eos dolores enim et sunt.','1985-12-24 17:49:24'),
('46','46','46','Voluptatem et inventore at vero aut voluptatem voluptatem. Inventore pariatur nulla odit eligendi accusamus suscipit. Autem dignissimos repudiandae sit nesciunt aut. Similique aut consequatur quasi cumque itaque. Rerum quasi quis laboriosam quisquam inventore dolore.','1987-03-17 08:06:20'),
('47','47','47','Sint quasi ratione doloribus sunt. Aperiam soluta aut provident dicta. Non aperiam nostrum magni eos quas.','2006-12-06 16:03:13'),
('48','48','48','Voluptatem explicabo non explicabo. Id alias adipisci excepturi qui. Nisi molestiae architecto voluptatibus repellat eum. Consequatur rerum perspiciatis reiciendis a alias.','1970-11-02 03:30:35'),
('49','49','49','Repellendus maiores exercitationem praesentium nam cumque. Ad eaque distinctio magni possimus labore distinctio autem. Id possimus doloribus ab incidunt.','1997-09-13 08:10:51'),
('50','50','50','Et sed voluptates voluptatem nihil id similique at. Fuga eaque ea deserunt rerum corporis dicta. Aut voluptatem qui amet ut omnis veniam. Aut provident itaque sint dolor praesentium qui.','2017-08-26 17:33:00'),
('51','51','51','Inventore aut laudantium veritatis ea omnis dolores enim. Voluptas rerum eius suscipit quia quas hic provident.','1987-01-28 20:39:46'),
('52','52','52','Rerum sint repellat vel aut. Ipsum aut esse illum ut nobis quo. Aut reiciendis aut suscipit.','1972-05-16 05:16:40'),
('53','53','53','Similique aut blanditiis consequatur quia unde. Voluptatem quia omnis fugiat modi minus nesciunt provident. Voluptatem velit nemo facilis assumenda nulla ex. Ex officiis et ipsum. Deserunt alias qui perspiciatis sit ea minima.','1997-06-22 11:02:59'),
('54','54','54','Harum at voluptate corrupti. Aperiam eaque et facilis vero dignissimos quia. Totam officia expedita voluptas et.','2015-06-26 13:13:37'),
('55','55','55','Eos aut reprehenderit atque veniam unde labore eligendi quaerat. Id velit non quis aperiam itaque delectus explicabo. Rem dolor molestiae quaerat. Nihil optio culpa sit fugiat minima consequuntur non.','1994-01-07 02:45:04'),
('56','56','56','In fugiat necessitatibus incidunt inventore eaque id. Molestiae ut laboriosam dolorum velit debitis. Assumenda sint amet impedit sed eaque et. Magnam qui id dolores eum ut dicta praesentium molestiae.','2006-05-26 06:30:51'),
('57','57','57','Animi necessitatibus aliquam sint tempora pariatur aut. Rerum consequatur omnis dignissimos accusamus vel et voluptatem. Rerum temporibus beatae doloribus vitae ex doloremque.','1992-10-13 05:45:50'),
('58','58','58','Sed dolorum delectus in ea. Sit ullam rerum perferendis voluptatem tempora doloremque natus. Consequatur ratione optio sed aliquam ad eveniet aut mollitia. Iste voluptas et exercitationem laborum dolore.','2019-11-19 23:57:14'),
('59','59','59','Et impedit velit soluta consequatur iusto aspernatur similique voluptas. Voluptatum dolor id eos. Veritatis similique dolor libero cupiditate numquam.','1989-01-07 19:03:20'),
('60','60','60','Quis aut omnis qui error. Est earum aut est sint distinctio culpa. Quibusdam velit et vel. Et impedit temporibus libero.','1985-12-03 23:33:39'),
('61','61','61','Sint dignissimos possimus commodi. Quod quos facilis cum atque libero delectus ut. Odio voluptatum earum architecto quo nisi qui. Corporis et ut ipsam harum.','1984-11-30 13:44:08'),
('62','62','62','Inventore quis omnis qui nam et. Delectus et ut laboriosam ducimus vel eveniet quos cum. Odio dolor aut qui sapiente. Voluptatem expedita tempora voluptatem autem.','2018-04-25 05:06:50'),
('63','63','63','Nobis et ipsum iure neque. Culpa est iusto nobis commodi alias.','2009-11-12 07:58:19'),
('64','64','64','Iusto reprehenderit quia optio nemo aut nihil. Eveniet laboriosam nostrum in et facilis pariatur. Maiores quia omnis quod doloribus. Similique animi nobis aut magni.','1972-08-09 21:29:04'),
('65','65','65','Voluptatem est explicabo placeat id. Vel id blanditiis ipsa. Est aliquam dignissimos quis cum tempora harum quia minima. Ipsam velit alias et sapiente.','1972-12-26 11:38:01'),
('66','66','66','Dolor eius architecto repellendus natus porro. Consequatur dolore mollitia quo nihil dolorem. Aut nemo ipsam repudiandae possimus.','1976-12-12 05:13:13'),
('67','67','67','Et provident molestiae quae facere harum. Quasi natus quam aut ullam non velit repudiandae.','2007-04-16 14:44:02'),
('68','68','68','Voluptate neque et doloribus. Nobis et illo reprehenderit corrupti. Minima nihil nobis laborum sint. Distinctio recusandae velit officia dolorem. Nihil voluptatum dolores dolorem ut aut.','1976-03-25 23:16:27'),
('69','69','69','Eum nihil sit est fuga perferendis. Velit in unde cupiditate est minima et rerum. Labore voluptate laudantium ullam quis. Laborum repudiandae doloribus consequatur vero.','1977-09-26 19:01:08'),
('70','70','70','Deleniti rerum eos animi sapiente ducimus corrupti voluptatum maiores. Totam quis est sed autem consequatur. Quos neque est in voluptatem inventore. Maxime rerum eum voluptas consequatur molestiae esse.','2016-11-03 04:43:19'),
('71','71','71','Delectus ut enim eum at quas voluptatem est. Similique veniam deleniti dolorem non. In debitis assumenda architecto dolores. Eligendi delectus sed perspiciatis quia qui.','2007-10-16 06:44:23'),
('72','72','72','Ullam et in quae sunt molestias. Quis a sequi laboriosam itaque rerum consequuntur id incidunt. Sit unde dolores ullam vel aspernatur labore sunt consequatur.','1987-11-19 01:11:15'),
('73','73','73','Laborum dicta alias aut qui sint quam labore. Omnis sapiente autem nulla autem fugiat quia. Sit facilis aut qui quae beatae.','1990-11-02 11:33:13'),
('74','74','74','Praesentium alias voluptatem provident veritatis voluptas aliquam dignissimos. Placeat ut ex debitis qui.','2006-08-12 20:47:44'),
('75','75','75','Fugit a sit dicta velit est. Dolor in aut tenetur ratione fuga. Iste laborum dignissimos dolor id sequi eveniet.','2019-06-29 14:01:16'),
('76','76','76','Est laudantium tempore quibusdam illum quo. Voluptas libero quos enim vel sit temporibus. Rerum corporis quam recusandae voluptas vel quia.','2008-01-23 01:28:45'),
('77','77','77','Necessitatibus deserunt nihil deleniti a quo aut ea. Voluptatum placeat non omnis. Ut rerum ut excepturi facilis sed enim ducimus. Fugit quam et et amet itaque.','1976-07-30 11:32:31'),
('78','78','78','Aut est natus aut placeat harum commodi. Enim sunt dolorum veniam qui. Nesciunt dolorem nesciunt quia tenetur.','2015-02-04 19:44:00'),
('79','79','79','Voluptatum sed molestiae illum voluptatem autem. Corrupti ut illo officiis fugiat et. Ratione aperiam omnis deleniti aut expedita nesciunt. Inventore dolore nobis ut autem maiores cupiditate odio.','2007-02-07 06:00:52'),
('80','80','80','Enim quam occaecati aut animi nesciunt hic. Deserunt voluptates recusandae reiciendis cupiditate animi quo aut enim. Repellendus assumenda et odit praesentium.','1976-10-08 09:44:50'),
('81','81','81','Qui officiis commodi nobis nam aut aut est quaerat. Recusandae placeat nobis tempora consequuntur optio. Perspiciatis omnis est assumenda nesciunt dolores.','1991-10-22 08:02:17'),
('82','82','82','Labore eaque et ut autem vel in. Ipsum possimus repellat quia debitis. Eligendi esse ea nesciunt quos rerum.','1984-04-23 08:24:41'),
('83','83','83','Itaque quibusdam odit optio sint repellendus. Sequi perferendis cum reprehenderit quas quae rerum soluta. Quisquam possimus fugit nihil maiores nesciunt.','2006-02-03 17:13:09'),
('84','84','84','Eveniet ipsa quas quisquam porro quia voluptate est. Qui nihil doloremque consequatur blanditiis soluta illo qui. Reiciendis expedita rerum sit necessitatibus nemo fuga. Reiciendis ut quia ea dolor ut sint praesentium.','1986-12-03 23:44:54'),
('85','85','85','Provident dicta error aut ad possimus et illum quia. Asperiores minus et vel. Odit cum deleniti vel ad eius cupiditate.','1999-11-09 11:16:50'),
('86','86','86','Officiis et esse aut et dicta quod distinctio. Id sapiente voluptate saepe ducimus beatae explicabo. Qui et placeat occaecati necessitatibus autem. Natus libero officia dolore voluptatibus. Perferendis culpa pariatur omnis illum blanditiis dolore et vero.','1988-06-17 13:23:34'),
('87','87','87','Architecto ut at deleniti voluptatem sit. Esse ad quia necessitatibus nisi minus deserunt et. Id aspernatur aut et qui nam a cupiditate.','1981-06-26 09:54:18'),
('88','88','88','Nam sunt harum enim molestiae et non. Provident pariatur molestiae molestiae non quia id cumque. Vitae voluptatibus aliquam illum explicabo repellendus nesciunt nihil.','2005-12-04 18:40:29'),
('89','89','89','Aut ipsam consequatur sequi sint ipsa. Esse iusto et voluptatem libero odit quia perspiciatis. A aut non qui beatae ipsa officiis aut. Libero et et est sint qui nostrum nostrum.','2018-03-10 09:31:32'),
('90','90','90','Neque dolore eaque porro et officiis voluptates et voluptas. Doloremque deleniti sit voluptates magnam eligendi quia est. Id facere sed et et eligendi est et.','2006-12-26 21:58:55'),
('91','91','91','Repellat quia fuga dolores et eos. Eaque architecto magni et fuga. Sint eveniet consequuntur libero molestiae est esse. Labore numquam cupiditate temporibus sit omnis tenetur sed explicabo.','1995-05-07 04:03:17'),
('92','92','92','Et consequatur neque quasi ab ipsa aut quo voluptatibus. Voluptatibus et molestiae possimus qui. Sed itaque quisquam sed dolores aut est.','1998-03-31 04:14:02'),
('93','93','93','Autem ex non harum distinctio. Qui voluptate explicabo qui est repellat rerum esse fugit. Quam nisi dicta ut repellendus nihil.','1992-05-27 09:36:35'),
('94','94','94','Autem facilis doloremque et et autem quo aut. Praesentium cum neque doloribus non ex. Velit quia neque excepturi nulla odio autem eos. Repudiandae est ratione quia beatae animi aut.','2012-09-22 05:40:34'),
('95','95','95','Vitae aut fuga aut aut. Quo adipisci voluptatibus quo exercitationem harum est. Dolore similique adipisci ut sed. Ex non mollitia facere eos autem ex et.','1973-08-26 08:43:20'),
('96','96','96','Non corrupti aliquam autem. Neque eos sed consequatur doloremque.','1994-01-02 08:23:13'),
('97','97','97','Qui voluptas voluptatem ut omnis maiores tempore assumenda. Sed vero unde eius expedita ratione at. Magni quaerat velit corrupti necessitatibus quia reprehenderit et.','1972-10-25 11:51:02'),
('98','98','98','Qui excepturi iste et dolor esse aspernatur ut omnis. Et voluptate odit laborum ab voluptates vel. Dolor optio neque unde deleniti tenetur quod laborum. Odio saepe corrupti quos dolorem sed maxime asperiores qui.','1988-08-22 06:46:12'),
('99','99','99','Tempora debitis voluptatem rerum ut vel dolores aut. Ut iste eligendi perspiciatis sed cum. Veniam vel animi incidunt. Vero molestiae voluptate aut reprehenderit consequatur maiores doloribus.','1970-12-05 00:36:07'),
('100','100','100','Aspernatur rerum error et. Sunt mollitia ea id non velit. Aut non aut sit minima sit blanditiis perspiciatis. Velit error enim earum eum magnam ut.','1985-03-23 09:30:13'); 


DROP TABLE IF EXISTS `photo_albums`;
CREATE TABLE `photo_albums` (
  `id` bigint(20) unsigned NOT NULL AUTO_INCREMENT,
  `name` varchar(255) COLLATE utf8_unicode_ci DEFAULT NULL,
  `user_id` bigint(20) unsigned DEFAULT NULL,
  PRIMARY KEY (`id`),
  UNIQUE KEY `id` (`id`),
  KEY `user_id` (`user_id`),
  CONSTRAINT `photo_albums_ibfk_1` FOREIGN KEY (`user_id`) REFERENCES `users` (`id`)
) ENGINE=InnoDB AUTO_INCREMENT=101 DEFAULT CHARSET=utf8 COLLATE=utf8_unicode_ci;

INSERT INTO `photo_albums` VALUES ('1','voluptatibus','1'),
('2','quisquam','2'),
('3','ducimus','3'),
('4','eius','4'),
('5','repellendus','5'),
('6','sit','6'),
('7','asperiores','7'),
('8','consequatur','8'),
('9','cumque','9'),
('10','vero','10'),
('11','aut','11'),
('12','officiis','12'),
('13','quis','13'),
('14','laudantium','14'),
('15','ut','15'),
('16','dolor','16'),
('17','ipsum','17'),
('18','id','18'),
('19','quisquam','19'),
('20','hic','20'),
('21','dolores','21'),
('22','similique','22'),
('23','velit','23'),
('24','at','24'),
('25','ipsam','25'),
('26','sit','26'),
('27','id','27'),
('28','neque','28'),
('29','vero','29'),
('30','et','30'),
('31','aperiam','31'),
('32','modi','32'),
('33','officia','33'),
('34','ullam','34'),
('35','nulla','35'),
('36','architecto','36'),
('37','quia','37'),
('38','non','38'),
('39','vel','39'),
('40','sed','40'),
('41','nesciunt','41'),
('42','dolor','42'),
('43','explicabo','43'),
('44','expedita','44'),
('45','nemo','45'),
('46','omnis','46'),
('47','amet','47'),
('48','molestiae','48'),
('49','consequatur','49'),
('50','quas','50'),
('51','fuga','51'),
('52','ut','52'),
('53','voluptatem','53'),
('54','vitae','54'),
('55','nostrum','55'),
('56','atque','56'),
('57','iusto','57'),
('58','modi','58'),
('59','eos','59'),
('60','error','60'),
('61','deleniti','61'),
('62','cum','62'),
('63','id','63'),
('64','at','64'),
('65','repellat','65'),
('66','et','66'),
('67','corporis','67'),
('68','accusantium','68'),
('69','laborum','69'),
('70','velit','70'),
('71','dolorem','71'),
('72','ipsam','72'),
('73','non','73'),
('74','impedit','74'),
('75','iste','75'),
('76','itaque','76'),
('77','aspernatur','77'),
('78','aliquid','78'),
('79','sed','79'),
('80','omnis','80'),
('81','saepe','81'),
('82','laudantium','82'),
('83','molestias','83'),
('84','pariatur','84'),
('85','quia','85'),
('86','cumque','86'),
('87','qui','87'),
('88','doloremque','88'),
('89','eius','89'),
('90','occaecati','90'),
('91','odio','91'),
('92','voluptatem','92'),
('93','eum','93'),
('94','molestiae','94'),
('95','at','95'),
('96','sapiente','96'),
('97','deserunt','97'),
('98','molestiae','98'),
('99','aut','99'),
('100','qui','100'); 


DROP TABLE IF EXISTS `photos`;
CREATE TABLE `photos` (
  `id` bigint(20) unsigned NOT NULL AUTO_INCREMENT,
  `album_id` bigint(20) unsigned NOT NULL,
  `media_id` bigint(20) unsigned NOT NULL,
  PRIMARY KEY (`id`),
  KEY `album_id` (`album_id`),
  KEY `media_id` (`media_id`),
  CONSTRAINT `photos_ibfk_1` FOREIGN KEY (`album_id`) REFERENCES `photo_albums` (`id`),
  CONSTRAINT `photos_ibfk_2` FOREIGN KEY (`media_id`) REFERENCES `media` (`id`)
) ENGINE=InnoDB AUTO_INCREMENT=101 DEFAULT CHARSET=utf8 COLLATE=utf8_unicode_ci;

INSERT INTO `photos` VALUES ('1','1','1'),
('2','2','3'),
('3','3','5'),
('4','4','1'),
('5','5','3'),
('6','6','5'),
('7','7','1'),
('8','8','3'),
('9','9','5'),
('10','10','1'),
('11','11','3'),
('12','12','5'),
('13','13','1'),
('14','14','3'),
('15','15','5'),
('16','16','1'),
('17','17','3'),
('18','18','5'),
('19','19','1'),
('20','20','3'),
('21','21','5'),
('22','22','1'),
('23','23','3'),
('24','24','5'),
('25','25','1'),
('26','26','3'),
('27','27','5'),
('28','28','1'),
('29','29','3'),
('30','30','5'),
('31','31','1'),
('32','32','3'),
('33','33','5'),
('34','34','1'),
('35','35','3'),
('36','36','5'),
('37','37','1'),
('38','38','3'),
('39','39','5'),
('40','40','1'),
('41','41','3'),
('42','42','5'),
('43','43','1'),
('44','44','3'),
('45','45','5'),
('46','46','1'),
('47','47','3'),
('48','48','5'),
('49','49','1'),
('50','50','3'),
('51','51','5'); 


DROP TABLE IF EXISTS `profiles`;
CREATE TABLE `profiles` (
  `user_id` bigint(20) unsigned NOT NULL AUTO_INCREMENT,
  `gender` char(1) COLLATE utf8_unicode_ci DEFAULT NULL,
  `birthday` date DEFAULT NULL,
  `photo_id` bigint(20) unsigned DEFAULT NULL,
  `created_at` datetime DEFAULT current_timestamp(),
  `hometown` varchar(100) COLLATE utf8_unicode_ci DEFAULT NULL,
  PRIMARY KEY (`user_id`),
  CONSTRAINT `profiles_ibfk_1` FOREIGN KEY (`user_id`) REFERENCES `users` (`id`) ON UPDATE CASCADE
) ENGINE=InnoDB AUTO_INCREMENT=301 DEFAULT CHARSET=utf8 COLLATE=utf8_unicode_ci;

INSERT INTO `profiles` VALUES ('1','f','1987-08-31','1','1979-07-06 19:40:41',NULL),
('2','f','2008-05-30','2','1979-09-05 05:06:26',NULL),
('3','f','2014-01-26','3','2013-04-27 07:11:46',NULL),
('4','f','2014-03-14','4','2019-05-24 05:49:59',NULL),
('5','f','1983-09-29','5','1974-02-26 10:12:21',NULL),
('6','f','1970-09-15','6','1974-08-03 07:47:43',NULL),
('7','f','1972-06-06','7','2000-10-22 15:37:25',NULL),
('8','f','2016-12-27','8','1997-12-19 01:26:09',NULL),
('9','f','2006-04-29','9','1975-03-26 00:35:13',NULL),
('10','f','2016-12-24','10','2020-01-24 16:33:36','Moscow'),
('11','f','2019-05-15','11','2012-11-19 18:47:45','Moscow'),
('12','f','2005-02-22','12','1986-03-16 11:31:52','Moscow'),
('13','f','1997-09-18','13','1984-07-05 00:04:39','Moscow'),
('14','f','1972-03-13','14','1970-08-29 03:35:10','Moscow'),
('15','f','2000-09-23','15','2002-11-28 19:45:38','Moscow'),
('16','f','2020-01-01','16','2018-09-24 22:43:08','Moscow'),
('17','f','1997-10-19','17','1973-06-24 11:23:34','Moscow'),
('18','f','1983-02-09','18','2017-04-19 03:18:52','Moscow'),
('19','f','2010-09-27','19','2005-09-26 06:53:30','Moscow'),
('20','f','2013-12-28','20','2011-06-18 18:22:45','Moscow'),
('21','f','2009-09-12','21','1978-01-15 05:13:19','Moscow'),
('22','f','1986-03-29','22','2014-03-19 00:34:38','Moscow'),
('23','f','1991-03-11','23','1971-11-18 20:38:58','Moscow'),
('24','f','1994-10-08','24','2003-05-18 09:01:34','Moscow'),
('25','f','1980-07-22','25','1980-11-28 22:44:22','Moscow'),
('26','f','1979-08-05','26','1996-02-21 06:07:42','Moscow'),
('27','f','2003-12-04','27','1995-02-16 04:43:25','Moscow'),
('28','f','2013-06-04','28','2014-01-24 18:10:35','Moscow'),
('29','f','1974-04-17','29','1977-09-30 00:35:48','Boston'),
('30','f','2016-07-19','30','1985-06-19 06:09:57','Boston'),
('31','f','1983-06-26','31','1989-05-03 20:50:40','Boston'),
('32','f','2010-01-10','32','2008-02-01 11:59:30','Boston'),
('33','f','1980-05-03','33','2003-10-18 06:38:37','Boston'),
('34','m','2019-10-20','34','1996-02-20 01:00:54','Boston'),
('35','m','2015-09-04','35','1980-04-24 17:49:00','Boston'),
('36','m','1999-12-11','36','1985-08-25 19:24:24','Boston'),
('37','m','1977-03-20','37','1992-02-18 16:08:45','Boston'),
('38','m','2012-08-13','38','2013-03-27 05:12:16','Boston'),
('39','m','2006-09-21','39','2020-01-15 01:41:41','Boston'),
('40','m','1982-07-24','40','1974-12-05 22:06:35','Boston'),
('41','m','1988-05-31','41','1994-11-13 08:23:36','Boston'),
('42','m','1998-05-09','42','1999-03-07 14:49:44','Boston'),
('43','m','1983-03-12','43','2012-01-27 03:42:52','Boston'),
('44','m','2014-02-15','44','1971-03-25 11:00:53','Boston'),
('45','m','1974-03-07','45','1998-06-09 07:00:51','Boston'),
('46','m','1981-04-16','46','2014-09-03 18:03:12','Boston'),
('47','m','2015-12-17','47','1998-07-20 11:37:22','Boston'),
('48','m','1970-01-06','48','1978-04-30 11:23:02','London'),
('49','m','2007-08-09','49','1992-10-25 03:30:26','London'),
('50','m','2001-02-02','50','2009-05-05 20:48:54','London'),
('51','m','1986-07-03','51','1979-06-29 13:51:40','London'),
('52','m','2006-01-08','52','2003-05-07 19:47:36','London'),
('53','m','1988-01-24','53','2004-03-11 09:31:19','London'),
('54','m','1988-06-29','54','1991-04-20 06:02:23','London'),
('55','m','2014-01-19','55','1978-12-16 19:53:51','London'),
('56','m','1988-09-07','56','2000-06-12 15:27:35','London'),
('57','m','1977-07-18','57','2019-09-07 22:40:03','London'),
('58','m','2014-06-26','58','2003-10-03 15:21:09','London'),
('59','m','2019-12-20','59','2000-05-26 09:19:13','London'),
('60','m','1972-08-07','60','1982-04-29 23:22:35','London'),
('61','m','1976-09-18','61','2009-08-18 14:23:04','London'),
('62','m','2006-04-17','62','2015-04-06 22:30:20','London'),
('63','m','1979-12-04','63','2006-06-15 15:20:11','London'),
('64','m','2018-09-16','64','1999-01-21 15:59:51','London'),
('65','m','1973-02-22','65','2001-05-21 02:43:47','London'),
('66','m','2011-02-28','66','2007-04-30 21:58:32','London'),
('67','m','1986-07-14','67','1996-04-22 02:37:56','London'),
('68','u','1998-08-21','68','1972-12-05 06:59:14','London'),
('69','u','1974-10-15','69','2008-09-20 20:36:11','London'),
('70','u','1973-05-07','70','1977-05-13 23:42:43','London'),
('71','u','1976-10-06','71','1985-05-30 19:03:52','London'),
('72','u','1971-04-09','72','1993-02-05 01:33:40','London'),
('73','u','2002-03-16','73','2005-01-12 05:12:35','London'),
('74','u','1999-03-22','74','2016-01-11 15:03:34','London'),
('75','u','2010-09-25','75','1998-12-03 10:12:52','Milan'),
('76','u','1976-12-02','76','2010-08-20 18:18:29','Milan'),
('77','u','1992-11-23','77','1983-10-11 20:51:58','Milan'),
('78','u','1970-05-20','78','2011-11-23 23:02:24','Milan'),
('79','u','1989-05-13','79','2013-11-08 19:05:06','Milan'),
('80','u','2012-12-26','80','1986-11-20 02:36:08','Milan'),
('81','u','1986-09-02','81','2019-01-03 21:21:23','Milan'),
('82','u','1986-10-25','82','1998-08-15 15:01:25','Milan'),
('83','u','2001-11-10','83','1996-07-19 19:25:54','Milan'),
('84','u','1980-11-18','84','2000-07-23 11:12:55','Milan'),
('85','u','1985-07-16','85','1998-04-03 04:33:41','Milan'),
('86','u','1972-09-18','86','1989-05-15 07:09:55','Milan'),
('87','u','2012-07-14','87','1985-03-24 22:50:04','Milan'),
('88','u','1972-04-15','88','1985-10-30 10:26:50','Milan'),
('89','u','1971-07-28','89','1973-10-31 16:06:06','Milan'),
('90','u','1983-03-01','90','2004-04-14 07:03:51','Milan'),
('91','u','2007-06-16','91','2004-03-04 17:59:49','Milan'),
('92','u','2008-07-03','92','1979-06-21 08:54:16','Milan'),
('93','u','2006-05-25','93','1998-04-14 02:15:09','Milan'),
('94','u','1997-09-19','94','2013-09-15 17:38:29','Milan'),
('95','u','1997-02-17','95','1995-03-12 16:43:45','Milan'),
('96','u','1973-08-08','96','1996-08-31 20:37:27','Milan'),
('97','u','1974-01-22','97','2012-03-10 09:33:27','Milan'),
('98','u','1973-06-13','98','1982-01-28 21:21:46','Milan'),
('99','u','2011-11-04','99','1996-05-13 12:09:07','Milan'),
('100','u','1997-09-27','100','1985-03-29 11:28:06','Milan'); 


DROP TABLE IF EXISTS `users`;
CREATE TABLE `users` (
  `id` bigint(20) unsigned NOT NULL AUTO_INCREMENT,
  `firstname` varchar(50) COLLATE utf8_unicode_ci DEFAULT NULL,
  `lastname` varchar(50) COLLATE utf8_unicode_ci DEFAULT NULL COMMENT '',
  `email` varchar(120) COLLATE utf8_unicode_ci DEFAULT NULL,
  `phone` bigint(20) DEFAULT NULL,
  PRIMARY KEY (`id`),
  UNIQUE KEY `email` (`email`),
  KEY `users_phone_idx` (`phone`),
  KEY `users_firstname_lastname_idx` (`firstname`,`lastname`)
) ENGINE=InnoDB AUTO_INCREMENT=101 DEFAULT CHARSET=utf8 COLLATE=utf8_unicode_ci;

INSERT INTO `users` VALUES ('1','Roxane','Hamill','labadie.khalil@example.net','3'),
('2','Benton','Berge','patrick73@example.net','1'),
('3','Shania','Waelchi','emilio92@example.net','856'),
('4','Albert','Wuckert','loyce08@example.net','0'),
('5','Freda','Walter','kurtis.rippin@example.com','0'),
('6','Maximillian','Pagac','henry02@example.org','0'),
('7','Levi','Skiles','billie.johnson@example.net','400087'),
('8','Mason','Botsford','vwisozk@example.org','701'),
('9','Sandrine','Kovacek','lebsack.jake@example.net','928'),
('10','Callie','Wuckert','yschamberger@example.com','1'),
('11','Lizzie','Bashirian','zjakubowski@example.org','517967'),
('12','Pasquale','Feil','schinner.samara@example.net','8341044265'),
('13','Marcelo','Crooks','alia33@example.org','8696089237'),
('14','Ewald','Oberbrunner','lorenza.mitchell@example.net','0'),
('15','Julianne','Larkin','sonia.wisozk@example.com','941494'),
('16','Lilian','Effertz','nels12@example.com','1'),
('17','Deon','Fadel','umarvin@example.org','295'),
('18','Aidan','Kertzmann','tierra07@example.com','94'),
('19','Cleora','Witting','gerhold.john@example.org','0'),
('20','Miguel','Connelly','nmcclure@example.org','782'),
('21','Clarabelle','Nikolaus','janick94@example.org','0'),
('22','Courtney','Hintz','gwendolyn28@example.org','318376'),
('23','Llewellyn','Buckridge','cortney.luettgen@example.net','0'),
('24','Kameron','Hoppe','elvie21@example.org','870'),
('25','Arne','Bauch','amurphy@example.net','1'),
('26','Jennyfer','Lynch','harvey.abraham@example.com','1'),
('27','Berneice','Adams','luisa26@example.org','1'),
('28','Kareem','Gottlieb','luettgen.norval@example.net','767'),
('29','Krista','Upton','klein.karen@example.net','249031'),
('30','Amos','Baumbach','gbartell@example.org','229'),
('31','Ike','Moore','shany.kemmer@example.org','196904'),
('32','Brody','Stehr','tremaine42@example.com','870212'),
('33','Charity','Runte','simonis.amina@example.com','3048912863'),
('34','Hilton','Rosenbaum','michale25@example.com','517'),
('35','Devin','Dach','erik91@example.com','806194'),
('36','Eliezer','Howell','whaag@example.org','39'),
('37','Maximo','Kub','pgoldner@example.org','975'),
('38','Leopold','Lueilwitz','odell.stanton@example.org','1'),
('39','Ibrahim','Mante','alanna.cummings@example.com','1'),
('40','Kiara','Parisian','tara.larson@example.org','448671'),
('41','Karelle','Funk','quitzon.xander@example.net','8'),
('42','Reilly','Jacobson','joshua85@example.com','0'),
('43','Shane','Rau','eladio.block@example.org','1'),
('44','Kip','Crist','rogahn.hester@example.com','591216'),
('45','Randy','Moore','ulebsack@example.org','101011'),
('46','Cloyd','Graham','schaden.drake@example.net','349435'),
('47','Eden','Reichel','waylon24@example.net','1'),
('48','Antwon','Feest','zkuhn@example.com','496'),
('49','Okey','Purdy','prohaska.thea@example.org','165004'),
('50','Richard','Abshire','streich.dulce@example.net','0'),
('51','Marquis','Walsh','matteo39@example.org','285'),
('52','Tierra','Carroll','julie09@example.com','1'),
('53','Rowland','Schultz','edwardo.russel@example.net','976'),
('54','Brianne','Rippin','brenda62@example.com','2918444012'),
('55','Ted','Johnston','dhoppe@example.com','1'),
('56','Delilah','Lang','karianne.glover@example.net','94'),
('57','Gudrun','Reichert','stamm.efren@example.net','618'),
('58','Rick','Schinner','alycia49@example.net','92'),
('59','Jakob','Fay','wintheiser.taya@example.com','0'),
('60','Andre','Durgan','ereichert@example.net','871'),
('61','Ulises','Schuster','robbie.effertz@example.net','372'),
('62','Hardy','Armstrong','jacobson.madelynn@example.net','351'),
('63','George','Hegmann','spencer.hettie@example.net','1'),
('64','Jaycee','Sporer','huels.retta@example.org','1'),
('65','Andres','Zemlak','kaela.cormier@example.net','0'),
('66','Claudia','Fay','sebastian88@example.net','0'),
('67','Dayna','Haag','omurazik@example.com','29'),
('68','Rafael','Durgan','kennedi54@example.net','4230928347'),
('69','Baron','Koepp','moshe93@example.net','535822'),
('70','Brannon','Lang','hbode@example.com','0'),
('71','Alford','DuBuque','alexanne97@example.com','636119'),
('72','Mckenzie','Ruecker','frederic38@example.com','0'),
('73','Waldo','Bradtke','rwatsica@example.net','487079'),
('74','Bryana','Bartell','mbogan@example.org','248'),
('75','Marlene','Batz','deshaun13@example.net','1'),
('76','Marvin','Kuhn','dmclaughlin@example.com','1'),
('77','Blair','Jones','abdiel.nitzsche@example.com','579'),
('78','Asha','Oberbrunner','runte.flossie@example.com','893633'),
('79','Sheridan','Weber','vivien.schuppe@example.org','0'),
('80','Aracely','Hodkiewicz','zweissnat@example.org','657'),
('81','Euna','Weimann','norval31@example.org','962541'),
('82','Samanta','Mann','swift.eddie@example.net','709'),
('83','Garett','Thompson','tyrese81@example.org','0'),
('84','Helga','Stiedemann','baumbach.uriah@example.net','564'),
('85','Krystal','Blick','abe75@example.org','512'),
('86','Kelvin','Muller','nernser@example.net','202'),
('87','Elissa','Kessler','harvey.mohamed@example.org','0'),
('88','Rita','Prohaska','dsporer@example.net','754'),
('89','Bettye','Parker','mkling@example.com','0'),
('90','Zelda','Sauer','mohammad.moen@example.com','0'),
('91','Amanda','Hilpert','skiles.humberto@example.net','1'),
('92','Darby','Kreiger','maida71@example.net','965105'),
('93','Daisha','Hoeger','schmeler.micheal@example.net','0'),
('94','Marcelo','Pfeffer','elisha08@example.com','5172605635'),
('95','Ashton','Purdy','chowe@example.org','1'),
('96','Felipa','Botsford','robel.monte@example.com','1'),
('97','Morris','Treutel','roger.bogisich@example.net','0'),
('98','Glenna','Carter','bertha.feil@example.net','3'),
('99','Jacky','Ferry','junior.shields@example.net','1'),
('100','Torrance','Eichmann','schmitt.vena@example.com','0'); 


DROP TABLE IF EXISTS `users_communities`;
CREATE TABLE `users_communities` (
  `user_id` bigint(20) unsigned NOT NULL,
  `community_id` bigint(20) unsigned NOT NULL,
  PRIMARY KEY (`user_id`,`community_id`),
  KEY `community_id` (`community_id`),
  CONSTRAINT `users_communities_ibfk_1` FOREIGN KEY (`user_id`) REFERENCES `users` (`id`),
  CONSTRAINT `users_communities_ibfk_2` FOREIGN KEY (`community_id`) REFERENCES `communities` (`id`)
) ENGINE=InnoDB DEFAULT CHARSET=utf8 COLLATE=utf8_unicode_ci;

INSERT INTO `users_communities` VALUES ('1','1'),
('2','2'),
('3','3'),
('4','4'),
('5','5'),
('6','6'),
('7','7'),
('8','8'),
('9','9'),
('10','10'),
('11','11'),
('12','12'),
('13','13'),
('14','14'),
('15','15'),
('16','16'),
('17','17'),
('18','18'),
('19','19'),
('20','20'),
('21','21'),
('22','22'),
('23','23'),
('24','24'),
('25','25'),
('26','26'),
('27','27'),
('28','28'),
('29','29'),
('30','30'),
('31','31'),
('32','32'),
('33','33'),
('34','34'),
('35','35'),
('36','36'),
('37','37'),
('38','38'),
('39','39'),
('40','40'),
('41','41'),
('42','42'),
('43','43'),
('44','44'),
('45','45'),
('46','46'),
('47','47'),
('48','48'),
('49','49'),
('50','50'),
('51','51'),
('52','52'),
('53','53'),
('54','54'),
('55','55'),
('56','56'),
('57','57'),
('58','58'),
('59','59'),
('60','60'),
('61','61'),
('62','62'),
('63','63'),
('64','64'),
('65','65'),
('66','66'),
('67','67'),
('68','68'),
('69','69'),
('70','70'),
('71','71'),
('72','72'),
('73','73'),
('74','74'),
('75','75'),
('76','76'),
('77','77'),
('78','78'),
('79','79'),
('80','80'),
('81','81'),
('82','82'),
('83','83'),
('84','84'),
('85','85'),
('86','86'),
('87','87'),
('88','88'),
('89','89'),
('90','90'),
('91','91'),
('92','92'),
('93','93'),
('94','94'),
('95','95'),
('96','96'),
('97','97'),
('98','98'),
('99','99'),
('100','100'); 




/*!40101 SET SQL_MODE=@OLD_SQL_MODE */;
/*!40014 SET FOREIGN_KEY_CHECKS=@OLD_FOREIGN_KEY_CHECKS */;
/*!40014 SET UNIQUE_CHECKS=@OLD_UNIQUE_CHECKS */;
/*!40101 SET CHARACTER_SET_CLIENT=@OLD_CHARACTER_SET_CLIENT */;
/*!40101 SET CHARACTER_SET_RESULTS=@OLD_CHARACTER_SET_RESULTS */;
/*!40101 SET COLLATION_CONNECTION=@OLD_COLLATION_CONNECTION */;
/*!40111 SET SQL_NOTES=@OLD_SQL_NOTES */;

